ts,w_t
2019-02-19 22:00:00,0.0
2019-02-20 22:00:00,0.1037963904284509
2019-02-21 22:00:00,0.0
2019-02-22 22:00:00,0.0
2019-02-24 22:00:00,0.0855550272636612
2019-02-25 22:00:00,-0.0666469500399522
2019-02-26 22:00:00,0.0
2019-02-27 22:00:00,0.0
2019-02-28 22:00:00,0.0
2019-03-01 22:00:00,-0.1504338308442206
2019-03-03 22:00:00,-0.0355022325171873
2019-03-04 22:00:00,0.0
2019-03-05 22:00:00,0.0
2019-03-06 22:00:00,0.0
2019-03-07 22:00:00,0.0
2019-03-08 22:00:00,-0.154210349695009
2019-03-10 22:00:00,0.0
2019-03-11 22:00:00,0.1930268626511443
2019-03-12 22:00:00,0.0
2019-03-13 22:00:00,0.2177210656499816
2019-03-14 22:00:00,-0.1411404861561842
2019-03-17 22:00:00,0.0
2019-03-18 22:00:00,0.0
2019-03-19 22:00:00,0.0
2019-03-20 22:00:00,0.0569965987416255
2019-03-21 22:00:00,0.0
2019-03-24 22:00:00,0.0
2019-03-25 22:00:00,0.0
2019-03-26 22:00:00,0.0
2019-03-27 22:00:00,0.0
2019-03-28 22:00:00,0.0
2019-03-31 22:00:00,0.0566141051955325
2019-04-01 22:00:00,0.2219160480417926
2019-04-02 22:00:00,-0.1546165285775543
2019-04-03 22:00:00,0.0
2019-04-04 22:00:00,-0.1687502261616711
2019-04-07 22:00:00,0.1055890916788058
2019-04-08 22:00:00,0.0
2019-04-09 22:00:00,0.0
2019-04-10 22:00:00,0.0
2019-04-11 22:00:00,-0.0739661037327729
2019-04-14 22:00:00,0.063227985237726
2019-04-15 22:00:00,0.1733302358158887
2019-04-16 22:00:00,0.1826894711637726
2019-04-17 22:00:00,0.0
2019-04-21 22:00:00,0.0
2019-04-22 22:00:00,0.0
2019-04-23 22:00:00,0.0
2019-04-24 22:00:00,0.0
2019-04-25 22:00:00,-0.1020312285374538
2019-04-28 22:00:00,0.0
2019-04-29 22:00:00,0.2255307046888857
2019-04-30 22:00:00,0.0
2019-05-01 22:00:00,0.0
2019-05-02 22:00:00,-0.1411847586432863
2019-05-05 22:00:00,0.0
2019-05-06 22:00:00,0.0
2019-05-07 22:00:00,0.0
2019-05-08 22:00:00,0.0
2019-05-09 22:00:00,-0.0955766628726803
2019-05-12 22:00:00,0.0
2019-05-13 22:00:00,-0.1688616377536668
2019-05-14 22:00:00,0.0
2019-05-15 22:00:00,0.1992489761570899
2019-05-16 22:00:00,0.0
2019-05-19 22:00:00,0.0
2019-05-20 22:00:00,0.0
2019-05-21 22:00:00,0.0
2019-05-22 22:00:00,-0.135582755219034
2019-05-23 22:00:00,-0.1456077215255231
2019-05-26 22:00:00,0.1069849958191085
2019-05-27 22:00:00,0.0
2019-05-28 22:00:00,0.0
2019-05-29 22:00:00,0.0
2019-05-30 22:00:00,-0.1444633853409256
2019-06-02 22:00:00,0.0
2019-06-03 22:00:00,0.0
2019-06-04 22:00:00,0.0
2019-06-05 22:00:00,-0.0344427827703246
2019-06-06 22:00:00,0.0
2019-06-09 22:00:00,0.0
2019-06-10 22:00:00,-0.202942113250581
2019-06-11 22:00:00,0.0
2019-06-12 22:00:00,0.0
2019-06-13 22:00:00,0.0
2019-06-16 22:00:00,0.0864212086347977
2019-06-17 22:00:00,0.0
2019-06-18 22:00:00,0.0
2019-06-19 22:00:00,-0.1617951262416847
2019-06-20 22:00:00,0.0874373065169292
2019-06-23 22:00:00,0.0
2019-06-24 22:00:00,-0.1552773153930818
2019-06-25 22:00:00,0.0
2019-06-26 22:00:00,0.0
2019-06-27 22:00:00,0.0543357222801688
2019-06-30 22:00:00,0.0
2019-07-01 22:00:00,0.0853444169563815
2019-07-02 22:00:00,-0.0955285454103461
2019-07-03 22:00:00,0.0
2019-07-04 22:00:00,0.0
2019-07-07 22:00:00,0.0823970928611719
2019-07-08 22:00:00,0.0
2019-07-09 22:00:00,0.0
2019-07-10 22:00:00,0.0
2019-07-11 22:00:00,-0.1541601318520327
2019-07-14 22:00:00,0.0
2019-07-15 22:00:00,0.0
2019-07-16 22:00:00,-0.0310454734406073
2019-07-17 22:00:00,0.1274948068062825
2019-07-18 22:00:00,0.0
2019-07-21 22:00:00,0.0871521353467403
2019-07-22 22:00:00,0.0
2019-07-23 22:00:00,0.0
2019-07-24 22:00:00,-0.1772612722019348
2019-07-25 22:00:00,0.0
2019-07-28 22:00:00,0.0
2019-07-29 22:00:00,0.2038902552001443
2019-07-30 22:00:00,0.0
2019-07-31 22:00:00,0.0
2019-08-01 22:00:00,0.0
2019-08-04 22:00:00,0.0
2019-08-05 22:00:00,0.0
2019-08-06 22:00:00,0.0
2019-08-07 22:00:00,0.0
2019-08-08 22:00:00,0.115204328023352
2019-08-11 22:00:00,0.0724914433017789
2019-08-12 22:00:00,0.0
2019-08-13 22:00:00,0.0
2019-08-14 22:00:00,-0.2495663223568213
2019-08-15 22:00:00,0.0
2019-08-16 22:00:00,0.0
2019-08-18 22:00:00,0.0
2019-08-19 22:00:00,0.2135224671492058
2019-08-20 22:00:00,0.0
2019-08-21 22:00:00,-0.1963344806101011
2019-08-22 22:00:00,-0.1854130822106085
2019-08-25 22:00:00,0.0
2019-08-26 22:00:00,0.0
2019-08-27 22:00:00,0.0
2019-08-28 22:00:00,0.0
2019-08-29 22:00:00,0.0
2019-09-01 22:00:00,-0.0441019971336351
2019-09-02 22:00:00,0.0
2019-09-03 22:00:00,0.0
2019-09-04 22:00:00,0.1713509890873448
2019-09-05 22:00:00,0.0
2019-09-06 22:00:00,0.0
2019-09-08 22:00:00,0.0
2019-09-09 22:00:00,0.0
2019-09-10 22:00:00,-0.1373742172881654
2019-09-11 22:00:00,-0.1973446784179344
2019-09-12 22:00:00,0.0
2019-09-15 22:00:00,0.0
2019-09-16 22:00:00,0.0
2019-09-17 22:00:00,0.0
2019-09-18 22:00:00,0.0
2019-09-19 22:00:00,0.0
2019-09-22 22:00:00,0.0825179483344182
2019-09-23 22:00:00,0.0
2019-09-24 22:00:00,-0.1274076187017176
2019-09-25 22:00:00,0.0
2019-09-26 22:00:00,0.0
2019-09-29 22:00:00,0.0448274070675733
2019-09-30 22:00:00,-0.2186645051322144
2019-10-01 22:00:00,0.0
2019-10-02 22:00:00,-0.1936358128696132
2019-10-03 22:00:00,0.0
2019-10-06 22:00:00,0.0902656916261015
2019-10-07 22:00:00,0.0
2019-10-08 22:00:00,-0.169023021615443
2019-10-09 22:00:00,-0.1719468366731813
2019-10-10 22:00:00,0.0
2019-10-13 22:00:00,0.0
2019-10-14 22:00:00,-0.2149730154561397
2019-10-15 22:00:00,0.0
2019-10-16 22:00:00,0.0
2019-10-17 22:00:00,0.1864679193261974
2019-10-20 22:00:00,0.0
2019-10-21 22:00:00,0.0
2019-10-22 22:00:00,0.0
2019-10-23 22:00:00,0.0
2019-10-24 22:00:00,0.0
2019-10-27 22:00:00,0.0
2019-10-28 22:00:00,-0.1672982489204068
2019-10-29 22:00:00,0.0
2019-10-30 22:00:00,0.0
2019-10-31 22:00:00,0.0
2019-11-03 22:00:00,0.1110119518976548
2019-11-04 22:00:00,0.0
2019-11-05 22:00:00,0.0
2019-11-06 22:00:00,-0.1722896574280127
2019-11-07 22:00:00,0.0
2019-11-08 22:00:00,0.0
2019-11-10 22:00:00,0.0
2019-11-11 22:00:00,0.0
2019-11-12 22:00:00,0.0
2019-11-13 22:00:00,0.1683375602831025
2019-11-14 22:00:00,0.0
2019-11-15 22:00:00,0.1700141524783609
2019-11-17 22:00:00,0.1047800348209808
2019-11-18 22:00:00,0.0
2019-11-19 22:00:00,0.0
2019-11-20 22:00:00,0.141621713096307
2019-11-21 22:00:00,0.0
2019-11-22 22:00:00,0.0
2019-11-24 22:00:00,0.0
2019-11-25 22:00:00,0.0
2019-11-26 22:00:00,0.0
2019-11-27 22:00:00,0.0
2019-11-28 22:00:00,0.2351781500070714
2019-12-01 22:00:00,-0.0354492533021878
2019-12-02 22:00:00,0.0
2019-12-03 22:00:00,0.2065004387460617
2019-12-04 22:00:00,0.0
2019-12-05 22:00:00,0.0
2019-12-06 22:00:00,-0.0344691032046424
2019-12-08 22:00:00,0.0
2019-12-09 22:00:00,0.0
2019-12-10 22:00:00,0.0
2019-12-11 22:00:00,0.0
2019-12-12 22:00:00,0.183274222652733
2019-12-13 22:00:00,0.1738690103219301
2019-12-15 22:00:00,0.1092732166419114
2019-12-16 22:00:00,0.0
2019-12-17 22:00:00,0.0
2019-12-18 22:00:00,-0.1323981948842879
2019-12-19 22:00:00,0.0
2019-12-20 22:00:00,-0.1663626034128372
2019-12-22 22:00:00,-0.0687507408210839
2019-12-23 22:00:00,0.2111253880331621
2019-12-26 22:00:00,0.0
2019-12-27 22:00:00,0.0
2019-12-29 22:00:00,0.0
2019-12-30 22:00:00,-0.0864627275954724
2019-12-31 22:00:00,0.0
2020-01-01 22:00:00,0.0
2020-01-02 22:00:00,0.1713030304980834
2020-01-03 22:00:00,0.0
2020-01-05 22:00:00,0.0392362027707893
2020-01-06 22:00:00,0.0
2020-01-07 22:00:00,0.0
2020-01-08 22:00:00,0.0
2020-01-09 22:00:00,0.0
2020-01-10 22:00:00,0.0
2020-01-12 22:00:00,0.0
2020-01-13 22:00:00,0.0
2020-01-14 22:00:00,0.0
2020-01-15 22:00:00,-0.1002462175041127
2020-01-16 22:00:00,0.1633956994807588
2020-01-17 22:00:00,0.0
2020-01-19 22:00:00,0.0
2020-01-20 22:00:00,0.0
2020-01-21 22:00:00,-0.1580807782219659
2020-01-22 22:00:00,-0.170367316052611
2020-01-23 22:00:00,0.0
2020-01-24 22:00:00,0.0
2020-01-26 22:00:00,-0.0222169629256663
2020-01-27 22:00:00,0.0
2020-01-28 22:00:00,0.0
2020-01-29 22:00:00,0.0
2020-01-30 22:00:00,0.0
2020-01-31 22:00:00,-0.0681306256687421
2020-02-02 22:00:00,-0.0416806646987325
2020-02-03 22:00:00,-0.0729450663498566
2020-02-04 22:00:00,0.0
2020-02-05 22:00:00,0.1088833441072049
2020-02-06 22:00:00,0.0
2020-02-07 22:00:00,-0.1670079497222889
2020-02-09 22:00:00,-0.077801949009398
2020-02-10 22:00:00,0.0
2020-02-11 22:00:00,0.0
2020-02-12 22:00:00,0.1785646952137917
2020-02-13 22:00:00,0.0
2020-02-14 22:00:00,0.0
2020-02-16 22:00:00,0.0
2020-02-17 22:00:00,0.0
2020-02-18 22:00:00,0.0
2020-02-19 22:00:00,0.1621522179327846
2020-02-20 22:00:00,0.0
2020-02-21 22:00:00,0.0
2020-02-23 22:00:00,-0.0316554994068358
2020-02-24 22:00:00,-0.0624309391966171
2020-02-25 22:00:00,0.0
2020-02-26 22:00:00,0.0
2020-02-27 22:00:00,0.0
2020-02-28 22:00:00,0.0
2020-03-01 22:00:00,0.0
2020-03-02 22:00:00,0.0
2020-03-03 22:00:00,0.0
2020-03-04 22:00:00,-0.0597534295815656
2020-03-05 22:00:00,0.0
2020-03-06 22:00:00,0.0
2020-03-08 22:00:00,0.0
2020-03-09 22:00:00,0.0
2020-03-10 22:00:00,0.0
2020-03-11 22:00:00,0.0
2020-03-12 22:00:00,0.0
2020-03-13 22:00:00,0.0
2020-03-15 22:00:00,0.0
2020-03-16 22:00:00,0.0
2020-03-17 22:00:00,0.0
2020-03-18 22:00:00,0.0
2020-03-19 22:00:00,0.0
2020-03-22 22:00:00,0.0
2020-03-23 22:00:00,0.0
2020-03-24 22:00:00,0.0
2020-03-25 22:00:00,0.0
2020-03-26 22:00:00,0.0
2020-03-29 22:00:00,0.0
2020-03-30 22:00:00,0.0
2020-03-31 22:00:00,0.0
2020-04-01 22:00:00,0.0
2020-04-02 22:00:00,0.0
2020-04-05 22:00:00,0.0
2020-04-06 22:00:00,0.0
2020-04-07 22:00:00,0.0
2020-04-08 22:00:00,0.0
2020-04-12 22:00:00,0.0
2020-04-13 22:00:00,0.0
2020-04-14 22:00:00,0.0
2020-04-15 22:00:00,0.0
2020-04-16 22:00:00,0.0
2020-04-19 22:00:00,0.0
2020-04-20 22:00:00,0.0
2020-04-21 22:00:00,0.0
2020-04-22 22:00:00,0.0
2020-04-23 22:00:00,0.0
2020-04-26 22:00:00,0.0
2020-04-27 22:00:00,0.0
2020-04-28 22:00:00,0.0
2020-04-29 22:00:00,0.0
2020-04-30 22:00:00,0.0
2020-05-03 22:00:00,0.0
2020-05-04 22:00:00,0.0
2020-05-05 22:00:00,0.0
2020-05-06 22:00:00,0.0
2020-05-07 22:00:00,0.0
2020-05-10 22:00:00,0.0
2020-05-11 22:00:00,0.0
2020-05-12 22:00:00,0.0
2020-05-13 22:00:00,0.0
2020-05-14 22:00:00,0.0
2020-05-17 22:00:00,0.0
2020-05-18 22:00:00,0.0
2020-05-19 22:00:00,0.0
2020-05-20 22:00:00,0.0
2020-05-21 22:00:00,0.0
2020-05-24 22:00:00,0.0
2020-05-25 22:00:00,0.0
2020-05-26 22:00:00,-0.0534317052641246
2020-05-27 22:00:00,0.0
2020-05-28 22:00:00,0.0
2020-05-31 22:00:00,0.0854286151028476
2020-06-01 22:00:00,-0.0716200152785396
2020-06-02 22:00:00,0.0
2020-06-03 22:00:00,0.0
2020-06-04 22:00:00,0.0
2020-06-07 22:00:00,0.0
2020-06-08 22:00:00,-0.07653410772286
2020-06-09 22:00:00,0.0
2020-06-10 22:00:00,0.0
2020-06-11 22:00:00,0.0
2020-06-14 22:00:00,0.0
2020-06-15 22:00:00,0.0
2020-06-16 22:00:00,0.0
2020-06-17 22:00:00,0.0
2020-06-18 22:00:00,0.0
2020-06-21 22:00:00,0.0
2020-06-22 22:00:00,0.0
2020-06-23 22:00:00,0.0
2020-06-24 22:00:00,0.0
2020-06-25 22:00:00,0.0
2020-06-28 22:00:00,0.0
2020-06-29 22:00:00,0.0
2020-06-30 22:00:00,-0.110915306546604
2020-07-01 22:00:00,-0.1644370801837834
2020-07-02 22:00:00,0.0
2020-07-05 22:00:00,0.0
2020-07-06 22:00:00,0.0
2020-07-07 22:00:00,-0.2058624367643
2020-07-08 22:00:00,0.1793570700502981
2020-07-09 22:00:00,-0.1005749702541013
2020-07-12 22:00:00,0.1039574640273623
2020-07-13 22:00:00,0.0
2020-07-14 22:00:00,0.0
2020-07-15 22:00:00,0.0
2020-07-16 22:00:00,0.0
2020-07-19 22:00:00,0.0
2020-07-20 22:00:00,0.0
2020-07-21 22:00:00,0.0679385079563852
2020-07-22 22:00:00,0.0
2020-07-23 22:00:00,-0.2208761675272158
2020-07-26 22:00:00,0.0
2020-07-27 22:00:00,0.0
2020-07-28 22:00:00,-0.0918919302155504
2020-07-29 22:00:00,0.1252547794792987
2020-07-30 22:00:00,-0.2019067719494091
2020-08-02 22:00:00,0.0
2020-08-03 22:00:00,0.0
2020-08-04 22:00:00,0.0
2020-08-05 22:00:00,-0.0587986464358178
2020-08-06 22:00:00,-0.2226694824943797
2020-08-09 22:00:00,0.0
2020-08-10 22:00:00,0.0
2020-08-11 22:00:00,0.0
2020-08-12 22:00:00,0.1456733958600249
2020-08-13 22:00:00,0.0
2020-08-16 22:00:00,0.0
2020-08-17 22:00:00,0.1073703052831424
2020-08-18 22:00:00,0.0
2020-08-19 22:00:00,0.0
2020-08-20 22:00:00,0.0
2020-08-23 22:00:00,0.0
2020-08-24 22:00:00,0.0
2020-08-25 22:00:00,0.2345196545351498
2020-08-26 22:00:00,0.0
2020-08-27 22:00:00,-0.1454701983811475
2020-08-30 22:00:00,0.0
2020-08-31 22:00:00,0.0
2020-09-01 22:00:00,0.2137956297914546
2020-09-02 22:00:00,-0.1609610593969224
2020-09-03 22:00:00,0.0
2020-09-06 22:00:00,0.0
2020-09-07 22:00:00,0.0
2020-09-08 22:00:00,0.0
2020-09-09 22:00:00,0.0
2020-09-10 22:00:00,0.0
2020-09-13 22:00:00,0.0747251228984652
2020-09-14 22:00:00,-0.147206599332025
2020-09-15 22:00:00,0.0
2020-09-16 22:00:00,0.0
2020-09-17 22:00:00,-0.2014327650849769
2020-09-20 22:00:00,0.0
2020-09-21 22:00:00,-0.220164077389862
2020-09-22 22:00:00,0.0
2020-09-23 22:00:00,0.0
2020-09-24 22:00:00,0.1027932447129374
2020-09-27 22:00:00,0.0
2020-09-28 22:00:00,0.0
2020-09-29 22:00:00,-0.1069511733569401
2020-09-30 22:00:00,0.0
2020-10-01 22:00:00,0.0
2020-10-04 22:00:00,0.0
2020-10-05 22:00:00,0.0
2020-10-06 22:00:00,0.0
2020-10-07 22:00:00,-0.1212660240801468
2020-10-08 22:00:00,0.0
2020-10-11 22:00:00,0.0
2020-10-12 22:00:00,-0.1452232947412806
2020-10-13 22:00:00,0.0
2020-10-14 22:00:00,0.0
2020-10-15 22:00:00,-0.1089626616881411
2020-10-18 22:00:00,0.0
2020-10-19 22:00:00,0.0
2020-10-20 22:00:00,0.1089280142183655
2020-10-21 22:00:00,-0.2156351289844505
2020-10-22 22:00:00,0.0
2020-10-25 22:00:00,-0.0917362986395656
2020-10-26 22:00:00,0.0
2020-10-27 22:00:00,0.0
2020-10-28 22:00:00,-0.1576399058463441
2020-10-29 22:00:00,0.0
2020-11-01 22:00:00,0.0
2020-11-02 22:00:00,0.0
2020-11-03 22:00:00,0.0
2020-11-04 22:00:00,0.0
2020-11-05 22:00:00,-0.1455609416039406
2020-11-06 22:00:00,0.0
2020-11-08 22:00:00,0.0
2020-11-09 22:00:00,0.0
2020-11-10 22:00:00,0.0
2020-11-11 22:00:00,-0.1204990703461702
2020-11-12 22:00:00,-0.1043086996990538
2020-11-13 22:00:00,0.0
2020-11-15 22:00:00,0.0
2020-11-16 22:00:00,0.0
2020-11-17 22:00:00,0.0
2020-11-18 22:00:00,0.0
2020-11-19 22:00:00,-0.1046182846019627
2020-11-20 22:00:00,0.0
2020-11-22 22:00:00,0.0541813546392278
2020-11-23 22:00:00,0.0
2020-11-24 22:00:00,0.1237887631137257
2020-11-25 22:00:00,-0.1665319283786644
2020-11-26 22:00:00,-0.2089561949364988
2020-11-29 22:00:00,0.0
2020-11-30 22:00:00,0.0
2020-12-01 22:00:00,0.0
2020-12-02 22:00:00,0.1378061887905322
2020-12-03 22:00:00,0.1344811675937559
2020-12-04 22:00:00,0.0
2020-12-06 22:00:00,0.0
2020-12-07 22:00:00,-0.1836168047107049
2020-12-08 22:00:00,0.0
2020-12-09 22:00:00,0.0
2020-12-10 22:00:00,0.0437510986415546
2020-12-11 22:00:00,0.0
2020-12-13 22:00:00,0.0
2020-12-14 22:00:00,0.0
2020-12-15 22:00:00,0.0
2020-12-16 22:00:00,0.0
2020-12-17 22:00:00,0.0
2020-12-18 22:00:00,0.0
2020-12-20 22:00:00,-0.0750306543272707
2020-12-21 22:00:00,0.0
2020-12-22 22:00:00,0.0
2020-12-23 22:00:00,0.0
2020-12-27 22:00:00,0.0
2020-12-28 22:00:00,-0.1502711060405359
2020-12-29 22:00:00,0.0
2020-12-30 22:00:00,0.0
2020-12-31 22:00:00,0.082883820942028
2021-01-03 22:00:00,0.0424967589697591
2021-01-04 22:00:00,0.0
2021-01-05 22:00:00,0.0
2021-01-06 22:00:00,0.0
2021-01-07 22:00:00,0.0
2021-01-08 22:00:00,0.0
2021-01-10 22:00:00,0.0
2021-01-11 22:00:00,-0.1868018799073513
2021-01-12 22:00:00,0.1531096147459743
2021-01-13 22:00:00,-0.1412576756513275
2021-01-14 22:00:00,0.0
2021-01-15 22:00:00,-0.2228212376500183
2021-01-17 22:00:00,0.0
2021-01-18 22:00:00,0.132132642604344
2021-01-19 22:00:00,0.1893733961822063
2021-01-20 22:00:00,0.0
2021-01-21 22:00:00,0.0
2021-01-22 22:00:00,-0.1333857618713194
2021-01-24 22:00:00,0.0
2021-01-25 22:00:00,0.1710273135141928
2021-01-26 22:00:00,0.0
2021-01-27 22:00:00,0.0
2021-01-28 22:00:00,-0.1319733743699506
2021-01-29 22:00:00,0.0
2021-01-31 22:00:00,0.0
2021-02-01 22:00:00,0.1945633608578885
2021-02-02 22:00:00,0.0
2021-02-03 22:00:00,0.0
2021-02-04 22:00:00,-0.1632872093963595
2021-02-05 22:00:00,0.0
2021-02-07 22:00:00,0.0
2021-02-08 22:00:00,0.155051984693807
2021-02-09 22:00:00,0.0
2021-02-10 22:00:00,0.0
2021-02-11 22:00:00,-0.1494811252967202
2021-02-12 22:00:00,0.0973008141635183
2021-02-14 22:00:00,0.0710203564913057
2021-02-15 22:00:00,0.0
2021-02-16 22:00:00,0.0
2021-02-17 22:00:00,0.0
2021-02-18 22:00:00,-0.124324620862713
2021-02-19 22:00:00,0.0
2021-02-21 22:00:00,0.0
2021-02-22 22:00:00,0.0
2021-02-23 22:00:00,-0.0457364030051068
2021-02-24 22:00:00,0.0
2021-02-25 22:00:00,-0.169696089915404
2021-02-26 22:00:00,-0.1890522467825704
2021-02-28 22:00:00,0.0
2021-03-01 22:00:00,0.0
2021-03-02 22:00:00,0.0
2021-03-03 22:00:00,0.0456089202375502
2021-03-04 22:00:00,0.0
2021-03-05 22:00:00,0.0
2021-03-07 22:00:00,0.0
2021-03-08 22:00:00,-0.2281190967931137
2021-03-09 22:00:00,0.0
2021-03-10 22:00:00,0.0
2021-03-11 22:00:00,0.0
2021-03-12 22:00:00,0.0
2021-03-14 22:00:00,0.0
2021-03-15 22:00:00,0.0
2021-03-16 22:00:00,0.0
2021-03-17 22:00:00,0.0
2021-03-18 22:00:00,0.0
2021-03-21 22:00:00,0.0654234132292163
2021-03-22 22:00:00,0.0
2021-03-23 22:00:00,-0.0888298430876059
2021-03-24 22:00:00,0.0
2021-03-25 22:00:00,-0.0895106757092704
2021-03-28 22:00:00,0.1078127721483369
2021-03-29 22:00:00,0.0
2021-03-30 22:00:00,0.0
2021-03-31 22:00:00,-0.1054603879206481
2021-04-04 22:00:00,0.1108574460509275
2021-04-05 22:00:00,0.0
2021-04-06 22:00:00,0.0
2021-04-07 22:00:00,0.0
2021-04-08 22:00:00,0.0861090505404239
2021-04-11 22:00:00,-0.0507165102273851
2021-04-12 22:00:00,0.0
2021-04-13 22:00:00,0.1545231902743857
2021-04-14 22:00:00,0.1363003726881041
2021-04-15 22:00:00,-0.1677416876038223
2021-04-18 22:00:00,0.0
2021-04-19 22:00:00,0.0
2021-04-20 22:00:00,-0.0302828810963269
2021-04-21 22:00:00,0.0
2021-04-22 22:00:00,0.1563293590652782
2021-04-25 22:00:00,0.1061909961808309
2021-04-26 22:00:00,0.0
2021-04-27 22:00:00,0.0
2021-04-28 22:00:00,-0.1435088674938539
2021-04-29 22:00:00,0.0
2021-05-02 22:00:00,0.0
2021-05-03 22:00:00,0.0
2021-05-04 22:00:00,0.1519422210769348
2021-05-05 22:00:00,-0.1624636849884411
2021-05-06 22:00:00,0.0
2021-05-09 22:00:00,0.0
2021-05-10 22:00:00,0.0
2021-05-11 22:00:00,0.0
2021-05-12 22:00:00,0.0
2021-05-13 22:00:00,-0.2054810319822854
2021-05-16 22:00:00,0.1061033561942489
2021-05-17 22:00:00,0.0
2021-05-18 22:00:00,-0.1727788295869716
2021-05-19 22:00:00,-0.1568795260336755
2021-05-20 22:00:00,0.0
2021-05-23 22:00:00,0.1235136117671017
2021-05-24 22:00:00,0.0
2021-05-25 22:00:00,0.0
2021-05-26 22:00:00,0.0
2021-05-27 22:00:00,0.0
2021-05-30 22:00:00,0.0
2021-05-31 22:00:00,0.091218775578406
2021-06-01 22:00:00,0.0
2021-06-02 22:00:00,0.0
2021-06-03 22:00:00,0.0
2021-06-06 22:00:00,0.0
2021-06-07 22:00:00,-0.1447331698551913
2021-06-08 22:00:00,0.0971965229067796
2021-06-09 22:00:00,0.0
2021-06-10 22:00:00,0.0
2021-06-13 22:00:00,0.0811152027855627
2021-06-14 22:00:00,0.0
2021-06-15 22:00:00,0.1804996809993432
2021-06-16 22:00:00,-0.1691572240633053
2021-06-17 22:00:00,-0.1053515167337882
2021-06-20 22:00:00,0.0
2021-06-21 22:00:00,0.0
2021-06-22 22:00:00,0.0
2021-06-23 22:00:00,0.0
2021-06-24 22:00:00,0.0
2021-06-27 22:00:00,0.0894502074799735
2021-06-28 22:00:00,-0.1457677150685445
2021-06-29 22:00:00,0.0
2021-06-30 22:00:00,0.0
2021-07-01 22:00:00,0.0
2021-07-04 22:00:00,0.0
2021-07-05 22:00:00,0.0
2021-07-06 22:00:00,-0.1609062348477098
2021-07-07 22:00:00,0.0
2021-07-08 22:00:00,0.0
2021-07-11 22:00:00,0.094675046987055
2021-07-12 22:00:00,0.0
2021-07-13 22:00:00,0.0
2021-07-14 22:00:00,-0.1936180388396697
2021-07-15 22:00:00,0.0
2021-07-18 22:00:00,0.088772811472465
2021-07-19 22:00:00,-0.0798598543969204
2021-07-20 22:00:00,0.0
2021-07-21 22:00:00,0.0
2021-07-22 22:00:00,0.0
2021-07-25 22:00:00,0.0
2021-07-26 22:00:00,-0.1255741524185119
2021-07-27 22:00:00,0.0
2021-07-28 22:00:00,0.1312890815646907
2021-07-29 22:00:00,0.1466297753671641
2021-08-01 22:00:00,0.0
2021-08-02 22:00:00,-0.0707220523351005
2021-08-03 22:00:00,0.0
2021-08-04 22:00:00,0.0
2021-08-05 22:00:00,0.1360729370985457
2021-08-08 22:00:00,0.0
2021-08-09 22:00:00,0.0
2021-08-10 22:00:00,0.0
2021-08-11 22:00:00,0.0
2021-08-12 22:00:00,-0.1376687609825703
2021-08-15 22:00:00,0.0
2021-08-16 22:00:00,0.0
2021-08-17 22:00:00,0.0
2021-08-18 22:00:00,0.0
2021-08-19 22:00:00,0.1128169460912103
2021-08-22 22:00:00,0.0
2021-08-23 22:00:00,0.0
2021-08-24 22:00:00,0.0
2021-08-25 22:00:00,-0.1940545501082442
2021-08-26 22:00:00,-0.1784688903646866
2021-08-29 22:00:00,0.0
2021-08-30 22:00:00,0.0
2021-08-31 22:00:00,0.0
2021-09-01 22:00:00,0.0
2021-09-02 22:00:00,0.1619203876489481
2021-09-05 22:00:00,0.0
2021-09-06 22:00:00,0.0
2021-09-07 22:00:00,0.0
2021-09-08 22:00:00,0.1681702107660941
2021-09-09 22:00:00,-0.1067592093091207
2021-09-12 22:00:00,0.1279298932720741
2021-09-13 22:00:00,0.0
2021-09-14 22:00:00,0.0
2021-09-15 22:00:00,0.1611861769099896
2021-09-16 22:00:00,-0.1633758532886056
2021-09-19 22:00:00,0.0
2021-09-20 22:00:00,-0.1184850547599054
2021-09-21 22:00:00,0.1466565893364642
2021-09-22 22:00:00,0.206621568117823
2021-09-23 22:00:00,0.0
2021-09-26 22:00:00,0.0
2021-09-27 22:00:00,-0.0908335338215202
2021-09-28 22:00:00,-0.1803064379734264
2021-09-29 22:00:00,0.0
2021-09-30 22:00:00,0.0
2021-10-03 22:00:00,0.1014742465372546
2021-10-04 22:00:00,0.0
2021-10-05 22:00:00,0.0
2021-10-06 22:00:00,-0.1974929843999911
2021-10-07 22:00:00,0.0
2021-10-10 22:00:00,0.0
2021-10-11 22:00:00,0.0
2021-10-12 22:00:00,-0.152150366954567
2021-10-13 22:00:00,0.0
2021-10-14 22:00:00,0.0
2021-10-17 22:00:00,0.0864752577726921
2021-10-18 22:00:00,-0.1477022154526437
2021-10-19 22:00:00,0.0
2021-10-20 22:00:00,0.0
2021-10-21 22:00:00,-0.1564704396189282
2021-10-24 22:00:00,0.0824392431535119
2021-10-25 22:00:00,0.0
2021-10-26 22:00:00,0.0
2021-10-27 22:00:00,-0.186706999444496
2021-10-28 22:00:00,0.0
2021-10-31 22:00:00,0.0
2021-11-01 22:00:00,0.0
2021-11-02 22:00:00,-0.1415419066441388
2021-11-03 22:00:00,-0.1912233501641296
2021-11-04 22:00:00,0.0
2021-11-07 22:00:00,0.0853290286874485
2021-11-08 22:00:00,0.0
2021-11-09 22:00:00,0.0
2021-11-10 22:00:00,-0.2206931266547426
2021-11-11 22:00:00,0.0
2021-11-12 22:00:00,0.0
2021-11-14 22:00:00,0.0
2021-11-15 22:00:00,0.1540217818641178
2021-11-16 22:00:00,0.0
2021-11-17 22:00:00,-0.2211566489030126
2021-11-18 22:00:00,0.0
2021-11-19 22:00:00,-0.0692720637108541
2021-11-21 22:00:00,0.0
2021-11-22 22:00:00,0.0
2021-11-23 22:00:00,0.0
2021-11-24 22:00:00,-0.1321290891325608
2021-11-25 22:00:00,-0.128326539336716
2021-11-28 22:00:00,0.0
2021-11-29 22:00:00,0.0
2021-11-30 22:00:00,0.0
2021-12-01 22:00:00,0.0
2021-12-02 22:00:00,0.0
2021-12-03 22:00:00,-0.1309666777577511
2021-12-05 22:00:00,0.0
2021-12-06 22:00:00,0.0
2021-12-07 22:00:00,-0.1553985418184999
2021-12-08 22:00:00,-0.1145604221067965
2021-12-09 22:00:00,0.0
2021-12-10 22:00:00,0.0
2021-12-12 22:00:00,0.0
2021-12-13 22:00:00,0.0
2021-12-14 22:00:00,0.0
2021-12-15 22:00:00,0.1634728886693704
2021-12-16 22:00:00,0.0
2021-12-17 22:00:00,-0.1922300995508411
2021-12-19 22:00:00,-0.0927334582752587
2021-12-20 22:00:00,0.0
2021-12-21 22:00:00,0.0
2021-12-22 22:00:00,0.0
2021-12-23 22:00:00,-0.0828551925806819
2021-12-26 22:00:00,0.0
2021-12-27 22:00:00,0.0
2021-12-28 22:00:00,-0.2035261960183627
2021-12-29 22:00:00,0.0
2021-12-30 22:00:00,0.0
2021-12-31 22:00:00,0.0
2022-01-02 22:00:00,0.0
2022-01-03 22:00:00,0.1130357724047065
2022-01-04 22:00:00,0.173819748463843
2022-01-05 22:00:00,0.0
2022-01-06 22:00:00,0.0
2022-01-07 22:00:00,-0.2161654930180887
2022-01-09 22:00:00,-0.088003723667626
2022-01-10 22:00:00,0.0
2022-01-11 22:00:00,0.0
2022-01-12 22:00:00,0.0
2022-01-13 22:00:00,-0.2161107061605421
2022-01-14 22:00:00,0.0
2022-01-16 22:00:00,0.0
2022-01-18 22:00:00,0.0
2022-01-19 22:00:00,-0.2808789497042645
2022-01-20 22:00:00,-0.3008961847527595
2022-01-21 22:00:00,0.0
2022-01-23 22:00:00,0.0
2022-01-24 22:00:00,0.0
2022-01-25 22:00:00,0.0
2022-01-26 22:00:00,0.0
2022-01-27 22:00:00,-0.2081870459892341
2022-01-28 22:00:00,-0.2545869229332652
2022-01-30 22:00:00,0.0
2022-01-31 22:00:00,0.0
2022-02-01 22:00:00,0.0
2022-02-02 22:00:00,-0.1924743972764174
2022-02-03 22:00:00,0.0
2022-02-04 22:00:00,0.0
2022-02-06 22:00:00,0.0372015453069812
2022-02-07 22:00:00,-0.297446175751041
2022-02-08 22:00:00,0.0
2022-02-09 22:00:00,0.0
2022-02-10 22:00:00,0.0
2022-02-11 22:00:00,0.0
2022-02-13 22:00:00,0.0424769731959043
2022-02-14 22:00:00,-0.2234344275270572
2022-02-15 22:00:00,-0.1457252139171134
2022-02-16 22:00:00,0.0
2022-02-17 22:00:00,0.0
2022-02-18 22:00:00,0.0
2022-02-20 22:00:00,0.0
2022-02-21 22:00:00,0.0
2022-02-22 22:00:00,-0.2906856147787609
2022-02-23 22:00:00,-0.237782440388464
2022-02-24 22:00:00,0.0
2022-02-25 22:00:00,-0.1438326477179516
2022-02-27 22:00:00,0.0
2022-02-28 22:00:00,0.0
2022-03-01 22:00:00,0.0
2022-03-02 22:00:00,0.0
2022-03-03 22:00:00,0.0
2022-03-04 22:00:00,0.0
2022-03-06 22:00:00,0.0
2022-03-07 22:00:00,0.0
2022-03-08 22:00:00,0.0
2022-03-09 22:00:00,0.0
2022-03-10 22:00:00,0.0
2022-03-11 22:00:00,0.0
2022-03-13 22:00:00,0.0
2022-03-14 22:00:00,0.0
2022-03-15 22:00:00,0.0
2022-03-16 22:00:00,0.0
2022-03-17 22:00:00,0.0
2022-03-20 22:00:00,-0.0846534362984234
2022-03-21 22:00:00,-0.1924958924822083
2022-03-22 22:00:00,0.0
2022-03-23 22:00:00,0.0
2022-03-24 22:00:00,0.0
2022-03-27 22:00:00,0.0
2022-03-28 22:00:00,0.0
2022-03-29 22:00:00,0.0
2022-03-30 22:00:00,0.0
2022-03-31 22:00:00,0.0
2022-04-03 22:00:00,0.0
2022-04-04 22:00:00,0.0
2022-04-05 22:00:00,0.0
2022-04-06 22:00:00,0.0
2022-04-07 22:00:00,0.0
2022-04-10 22:00:00,0.0
2022-04-11 22:00:00,-0.1126277183348057
2022-04-12 22:00:00,0.0
2022-04-13 22:00:00,-0.2660126285133047
2022-04-17 22:00:00,0.0
2022-04-18 22:00:00,-0.4038402769823313
2022-04-19 22:00:00,-0.3963925994702089
2022-04-20 22:00:00,0.0
2022-04-21 22:00:00,0.0
2022-04-24 22:00:00,-0.1051847273124776
2022-04-25 22:00:00,-0.145096830050702
2022-04-26 22:00:00,0.0
2022-04-27 22:00:00,-0.135610127995669
2022-04-28 22:00:00,-0.0746123175602974
2022-05-01 22:00:00,-0.1422343974193888
2022-05-02 22:00:00,0.0
2022-05-03 22:00:00,-0.3285063727315524
2022-05-04 22:00:00,0.0
2022-05-05 22:00:00,-0.0973405903264661
2022-05-08 22:00:00,-0.0951295253114325
2022-05-09 22:00:00,-0.4027772843867843
2022-05-10 22:00:00,0.0
2022-05-11 22:00:00,0.0
2022-05-12 22:00:00,-0.0835919858152757
2022-05-15 22:00:00,0.0
2022-05-16 22:00:00,-0.1642045811383132
2022-05-17 22:00:00,-0.1929822744126344
2022-05-18 22:00:00,-0.1992038348860966
2022-05-19 22:00:00,0.0
2022-05-22 22:00:00,0.0
2022-05-23 22:00:00,-0.2155000784263597
2022-05-24 22:00:00,-0.2450382207389104
2022-05-25 22:00:00,0.0
2022-05-26 22:00:00,0.0
2022-05-29 22:00:00,0.0
2022-05-30 22:00:00,0.0
2022-05-31 22:00:00,-0.1279575432342216
2022-06-01 22:00:00,0.0
2022-06-02 22:00:00,0.0
2022-06-05 22:00:00,0.0
2022-06-06 22:00:00,-0.2741840854458754
2022-06-07 22:00:00,-0.2228901293675015
2022-06-08 22:00:00,0.0
2022-06-09 22:00:00,-0.293482815432701
2022-06-12 22:00:00,-0.1247564444432943
2022-06-13 22:00:00,0.0
2022-06-14 22:00:00,-0.1325718288067911
2022-06-15 22:00:00,0.0
2022-06-16 22:00:00,0.0
2022-06-19 22:00:00,-0.0767406950544689
2022-06-20 22:00:00,0.0
2022-06-21 22:00:00,0.0
2022-06-22 22:00:00,0.0
2022-06-23 22:00:00,0.0
2022-06-26 22:00:00,0.0
2022-06-27 22:00:00,0.0
2022-06-28 22:00:00,-0.2948605384529791
2022-06-29 22:00:00,-0.4030051998301065
2022-06-30 22:00:00,0.0
2022-07-03 22:00:00,0.0
2022-07-04 22:00:00,0.0
2022-07-05 22:00:00,0.0
2022-07-06 22:00:00,0.0
2022-07-07 22:00:00,0.0
2022-07-10 22:00:00,0.0
2022-07-11 22:00:00,-0.1754763039564959
2022-07-12 22:00:00,-0.1902202867292367
2022-07-13 22:00:00,0.0
2022-07-14 22:00:00,0.0
2022-07-17 22:00:00,0.0
2022-07-18 22:00:00,0.0
2022-07-19 22:00:00,-0.3459334073906276
2022-07-20 22:00:00,-0.3555892377555271
2022-07-21 22:00:00,0.0
2022-07-24 22:00:00,0.0
2022-07-25 22:00:00,0.0
2022-07-26 22:00:00,-0.0937955547332436
2022-07-27 22:00:00,0.0
2022-07-28 22:00:00,-0.3299063817787622
2022-07-31 22:00:00,0.0
2022-08-01 22:00:00,-0.1877143623372425
2022-08-02 22:00:00,0.0
2022-08-03 22:00:00,0.0
2022-08-04 22:00:00,0.0
2022-08-07 22:00:00,0.0
2022-08-08 22:00:00,0.0
2022-08-09 22:00:00,-0.1262944053212765
2022-08-10 22:00:00,0.0
2022-08-11 22:00:00,0.0
2022-08-14 22:00:00,0.0
2022-08-15 22:00:00,-0.1773287711493765
2022-08-16 22:00:00,0.0
2022-08-17 22:00:00,0.0
2022-08-18 22:00:00,0.0
2022-08-21 22:00:00,-0.0702499296656847
2022-08-22 22:00:00,0.0
2022-08-23 22:00:00,0.0
2022-08-24 22:00:00,-0.2524697304485146
2022-08-25 22:00:00,-0.3465123365749089
2022-08-28 22:00:00,0.0
2022-08-29 22:00:00,0.0
2022-08-30 22:00:00,-0.1539283008805108
2022-08-31 22:00:00,0.0
2022-09-01 22:00:00,0.0
2022-09-04 22:00:00,0.0
2022-09-05 22:00:00,0.0
2022-09-06 22:00:00,-0.1313280301904686
2022-09-07 22:00:00,0.0
2022-09-08 22:00:00,0.0
2022-09-11 22:00:00,0.0
2022-09-12 22:00:00,-0.1809229777704341
2022-09-13 22:00:00,0.0
2022-09-14 22:00:00,0.0
2022-09-15 22:00:00,0.0
2022-09-18 22:00:00,0.0
2022-09-19 22:00:00,0.0
2022-09-20 22:00:00,-0.0815591745906401
2022-09-21 22:00:00,0.0
2022-09-22 22:00:00,0.0
2022-09-25 22:00:00,0.0
2022-09-26 22:00:00,0.0
2022-09-27 22:00:00,0.0
2022-09-28 22:00:00,0.0
2022-09-29 22:00:00,-0.1463523596450983
2022-10-02 22:00:00,-0.0598227985796238
2022-10-03 22:00:00,0.0
2022-10-04 22:00:00,0.0
2022-10-05 22:00:00,0.0
2022-10-06 22:00:00,-0.3158419995597552
2022-10-09 22:00:00,0.0
2022-10-10 22:00:00,-0.3489065315822508
2022-10-11 22:00:00,0.0
2022-10-12 22:00:00,0.0
2022-10-13 22:00:00,0.0
2022-10-16 22:00:00,0.0
2022-10-17 22:00:00,0.0
2022-10-18 22:00:00,-0.1008411482796324
2022-10-19 22:00:00,0.0
2022-10-20 22:00:00,-0.0922706389058981
2022-10-23 22:00:00,0.0
2022-10-24 22:00:00,-0.1348768939175845
2022-10-25 22:00:00,0.0
2022-10-26 22:00:00,0.0
2022-10-27 22:00:00,-0.2098634218983964
2022-10-30 22:00:00,0.0
2022-10-31 22:00:00,-0.3201653117331808
2022-11-01 22:00:00,0.0
2022-11-02 22:00:00,0.0
2022-11-03 22:00:00,-0.1630469472802926
2022-11-06 22:00:00,0.0
2022-11-07 22:00:00,-0.1332121348498167
2022-11-08 22:00:00,-0.347704244141908
2022-11-09 22:00:00,0.0
2022-11-10 22:00:00,0.0
2022-11-11 22:00:00,0.0
2022-11-13 22:00:00,0.0
2022-11-14 22:00:00,-0.0981222235798073
2022-11-15 22:00:00,0.0
2022-11-16 22:00:00,-0.2973993743234456
2022-11-17 22:00:00,0.0
2022-11-18 22:00:00,0.0
2022-11-20 22:00:00,0.0
2022-11-21 22:00:00,0.0
2022-11-22 22:00:00,0.0753508798724051
2022-11-23 22:00:00,-0.1369088030445538
2022-11-24 22:00:00,0.0
2022-11-27 22:00:00,0.0
2022-11-28 22:00:00,0.0
2022-11-29 22:00:00,0.0
2022-11-30 22:00:00,0.0
2022-12-01 22:00:00,-0.2651293518559441
2022-12-02 22:00:00,-0.3280262388778524
2022-12-04 22:00:00,0.0
2022-12-05 22:00:00,0.0
2022-12-06 22:00:00,0.0
2022-12-07 22:00:00,0.0
2022-12-08 22:00:00,0.0
2022-12-09 22:00:00,0.0
2022-12-11 22:00:00,0.0488878637759674
2022-12-12 22:00:00,0.0
2022-12-13 22:00:00,-0.1431583883862562
2022-12-14 22:00:00,-0.1810679449168377
2022-12-15 22:00:00,-0.3112691459577594
2022-12-16 22:00:00,0.0
2022-12-18 22:00:00,0.0
2022-12-19 22:00:00,0.0
2022-12-20 22:00:00,0.0
2022-12-21 22:00:00,0.0
2022-12-22 22:00:00,-0.1412490110915184
2022-12-23 22:00:00,0.0
2022-12-26 22:00:00,0.0
2022-12-27 22:00:00,-0.132704857154651
2022-12-28 22:00:00,0.0
2022-12-29 22:00:00,0.0
2022-12-30 22:00:00,0.0
2023-01-02 22:00:00,0.1144912313538653
2023-01-03 22:00:00,0.0
2023-01-04 22:00:00,0.0
2023-01-05 22:00:00,0.0
2023-01-06 22:00:00,0.0
2023-01-08 22:00:00,0.0
2023-01-09 22:00:00,0.0
2023-01-10 22:00:00,-0.2336179647482843
2023-01-11 22:00:00,0.0
2023-01-12 22:00:00,-0.2367543603834276
2023-01-13 22:00:00,0.0
2023-01-15 22:00:00,0.0
2023-01-16 22:00:00,-0.236198731879454
2023-01-17 22:00:00,0.0
2023-01-18 22:00:00,-0.2135705150363156
2023-01-19 22:00:00,0.0
2023-01-20 22:00:00,0.0
2023-01-22 22:00:00,0.0
2023-01-23 22:00:00,-0.2119841741135918
2023-01-24 22:00:00,-0.2570848288484901
2023-01-25 22:00:00,0.0
2023-01-26 22:00:00,0.0
2023-01-27 22:00:00,-0.2217570568945166
2023-01-29 22:00:00,-0.0398699477171616
2023-01-30 22:00:00,-0.0670848678711531
2023-01-31 22:00:00,0.0
2023-02-01 22:00:00,0.0
2023-02-02 22:00:00,0.0
2023-02-03 22:00:00,0.0
2023-02-05 22:00:00,0.0
2023-02-06 22:00:00,0.0
2023-02-07 22:00:00,0.1091187274103479
2023-02-08 22:00:00,0.0
2023-02-09 22:00:00,-0.2417862672422573
2023-02-10 22:00:00,0.0
2023-02-12 22:00:00,0.0
2023-02-13 22:00:00,-0.2315201639853323
2023-02-14 22:00:00,0.0
2023-02-15 22:00:00,0.0
2023-02-16 22:00:00,0.0
2023-02-17 22:00:00,0.0
2023-02-19 22:00:00,0.0
2023-02-20 22:00:00,0.0
2023-02-21 22:00:00,-0.1874706198475524
2023-02-22 22:00:00,0.0
2023-02-23 22:00:00,0.1389210004668652
2023-02-24 22:00:00,0.0
2023-02-26 22:00:00,0.0503410756196968
2023-02-27 22:00:00,-0.1969356227235619
2023-02-28 22:00:00,0.0
2023-03-01 22:00:00,0.0
2023-03-02 22:00:00,-0.1480180439199361
2023-03-03 22:00:00,0.0
2023-03-05 22:00:00,0.0
2023-03-06 22:00:00,-0.1826644819211272
2023-03-07 22:00:00,-0.238547433098132
2023-03-08 22:00:00,0.0
2023-03-09 22:00:00,0.0
2023-03-10 22:00:00,0.1339947931845549
2023-03-12 22:00:00,0.0986808017188966
2023-03-13 22:00:00,0.0
2023-03-14 22:00:00,-0.0874846357480482
2023-03-15 22:00:00,0.0
2023-03-16 22:00:00,0.0
2023-03-19 22:00:00,0.0706500174157976
2023-03-20 22:00:00,0.0
2023-03-21 22:00:00,0.0
2023-03-22 22:00:00,0.0
2023-03-23 22:00:00,-0.1893807828242572
2023-03-26 22:00:00,0.0
2023-03-27 22:00:00,0.0
2023-03-28 22:00:00,0.0
2023-03-29 22:00:00,0.0
2023-03-30 22:00:00,0.0
2023-04-02 22:00:00,0.0
2023-04-03 22:00:00,0.0240193663770297
2023-04-04 22:00:00,-0.2389895290379203
2023-04-05 22:00:00,0.0
2023-04-09 22:00:00,0.0
2023-04-10 22:00:00,0.0
2023-04-11 22:00:00,0.0788317887098654
2023-04-12 22:00:00,0.0949466197590786
2023-04-13 22:00:00,-0.2067148870827174
2023-04-16 22:00:00,0.0
2023-04-17 22:00:00,-0.2152762751215471
2023-04-18 22:00:00,0.0
2023-04-19 22:00:00,0.0
2023-04-20 22:00:00,0.0
2023-04-23 22:00:00,0.0914911482188255
2023-04-24 22:00:00,0.0
2023-04-25 22:00:00,-0.2041123402525753
2023-04-26 22:00:00,-0.0386560224790875
2023-04-27 22:00:00,0.0
2023-04-30 22:00:00,0.0
2023-05-01 22:00:00,0.0
2023-05-02 22:00:00,-0.0849775396915257
2023-05-03 22:00:00,0.0
2023-05-04 22:00:00,0.0
2023-05-07 22:00:00,0.1044651123266703
2023-05-08 22:00:00,0.0
2023-05-09 22:00:00,-0.1958851347152432
2023-05-10 22:00:00,0.0
2023-05-11 22:00:00,0.0
2023-05-14 22:00:00,0.0
2023-05-15 22:00:00,0.1300694884508033
2023-05-16 22:00:00,0.0
2023-05-17 22:00:00,0.1565242752557056
2023-05-18 22:00:00,-0.1660552851890806
2023-05-21 22:00:00,0.0
2023-05-22 22:00:00,0.0
2023-05-23 22:00:00,0.0
2023-05-24 22:00:00,0.0
2023-05-25 22:00:00,-0.2045310391606833
2023-05-28 22:00:00,0.0
2023-05-29 22:00:00,0.0
2023-05-30 22:00:00,-0.0874582751208556
2023-05-31 22:00:00,0.0
2023-06-01 22:00:00,0.0
2023-06-04 22:00:00,0.0
2023-06-05 22:00:00,-0.1434474428767999
2023-06-06 22:00:00,-0.2007808980747585
2023-06-07 22:00:00,0.0
2023-06-08 22:00:00,0.0
2023-06-11 22:00:00,0.0604261419857804
2023-06-12 22:00:00,-0.1674173062014932
2023-06-13 22:00:00,0.1702490182775708
2023-06-14 22:00:00,0.0
2023-06-15 22:00:00,0.0
2023-06-18 22:00:00,0.0
2023-06-19 22:00:00,0.0
2023-06-20 22:00:00,-0.1044946774873334
2023-06-21 22:00:00,0.1833851621466258
2023-06-22 22:00:00,-0.2005853400808261
2023-06-25 22:00:00,0.0
2023-06-26 22:00:00,0.0
2023-06-27 22:00:00,0.0
2023-06-28 22:00:00,0.0
2023-06-29 22:00:00,0.0
2023-07-02 22:00:00,0.0
2023-07-03 22:00:00,-0.2328646324757931
2023-07-04 22:00:00,0.0
2023-07-05 22:00:00,0.0
2023-07-06 22:00:00,-0.2329177588361185
2023-07-09 22:00:00,0.1020100293799081
2023-07-10 22:00:00,-0.2489591834082813
2023-07-11 22:00:00,0.0
2023-07-12 22:00:00,0.0
2023-07-13 22:00:00,0.0
2023-07-16 22:00:00,-0.0841336689902502
2023-07-17 22:00:00,0.0
2023-07-18 22:00:00,0.0
2023-07-19 22:00:00,0.0
2023-07-20 22:00:00,0.0
2023-07-23 22:00:00,-0.0244824279214548
2023-07-24 22:00:00,0.0976395814763323
2023-07-25 22:00:00,-0.2687178035626957
2023-07-26 22:00:00,-0.181396629302492
2023-07-27 22:00:00,0.0
2023-07-30 22:00:00,0.0
2023-07-31 22:00:00,0.0
2023-08-01 22:00:00,-0.1324829547884171
2023-08-02 22:00:00,-0.1634696680505965
2023-08-03 22:00:00,0.0
2023-08-06 22:00:00,0.0
2023-08-07 22:00:00,-0.1067021001356752
2023-08-08 22:00:00,-0.1487964708342754
2023-08-09 22:00:00,0.0
2023-08-10 22:00:00,-0.1753247699691288
2023-08-13 22:00:00,0.0
2023-08-14 22:00:00,0.0
2023-08-15 22:00:00,0.0
2023-08-16 22:00:00,0.0
2023-08-17 22:00:00,0.0
2023-08-20 22:00:00,0.0661105126439071
2023-08-21 22:00:00,-0.2017565508130549
2023-08-22 22:00:00,0.0
2023-08-23 22:00:00,0.0
2023-08-24 22:00:00,0.0
2023-08-27 22:00:00,0.0719371128480124
2023-08-28 22:00:00,-0.1341965115637917
2023-08-29 22:00:00,0.0
2023-08-30 22:00:00,-0.1515190380804487
2023-08-31 22:00:00,0.0
2023-09-03 22:00:00,0.0
2023-09-04 22:00:00,-0.2639870965224264
2023-09-05 22:00:00,-0.0714485958603548
2023-09-06 22:00:00,0.0
2023-09-07 22:00:00,-0.2836273538593062
2023-09-10 22:00:00,0.0
2023-09-11 22:00:00,0.0
2023-09-12 22:00:00,0.1088276214309457
2023-09-13 22:00:00,-0.1040190886675751
2023-09-14 22:00:00,0.0
2023-09-17 22:00:00,-0.1087565192573249
2023-09-18 22:00:00,0.0
2023-09-19 22:00:00,-0.2462813319883756
2023-09-20 22:00:00,-0.1525469542065804
2023-09-21 22:00:00,0.0
2023-09-24 22:00:00,0.0
2023-09-25 22:00:00,-0.1338500512470984
2023-09-26 22:00:00,0.0
2023-09-27 22:00:00,0.1310165404961242
2023-09-28 22:00:00,-0.2778320081343862
2023-10-01 22:00:00,0.0
2023-10-02 22:00:00,0.0
2023-10-03 22:00:00,0.0
2023-10-04 22:00:00,-0.1611223755125012
2023-10-05 22:00:00,0.0
2023-10-08 22:00:00,0.0
2023-10-09 22:00:00,0.0
2023-10-10 22:00:00,-0.2216609412637345
2023-10-11 22:00:00,-0.2231855260659359
2023-10-12 22:00:00,0.0
2023-10-15 22:00:00,0.0
2023-10-16 22:00:00,-0.2158720762984786
2023-10-17 22:00:00,0.0
2023-10-18 22:00:00,-0.2083974919006867
2023-10-19 22:00:00,0.0
2023-10-22 22:00:00,-0.1291507881585802
2023-10-23 22:00:00,-0.2972390395213188
2023-10-24 22:00:00,0.0
2023-10-25 22:00:00,0.0
2023-10-26 22:00:00,0.0
2023-10-29 22:00:00,0.0
2023-10-30 22:00:00,-0.2605654949526528
2023-10-31 22:00:00,0.0
2023-11-01 22:00:00,0.0
2023-11-02 22:00:00,0.0
2023-11-05 22:00:00,-0.0486895392763476
2023-11-06 22:00:00,0.0
2023-11-07 22:00:00,-0.2746452705395835
2023-11-08 22:00:00,0.0
2023-11-09 22:00:00,0.0
2023-11-10 22:00:00,0.12445387210481
2023-11-12 22:00:00,0.059814231486246
2023-11-13 22:00:00,-0.1147582766123654
2023-11-14 22:00:00,-0.2728199677783145
2023-11-15 22:00:00,0.0
2023-11-16 22:00:00,0.0
2023-11-17 22:00:00,0.0
2023-11-19 22:00:00,0.0
2023-11-20 22:00:00,0.0
2023-11-21 22:00:00,0.0
2023-11-22 22:00:00,-0.0501479080377787
2023-11-23 22:00:00,-0.122074011659667
2023-11-26 22:00:00,0.0
2023-11-27 22:00:00,0.0
2023-11-28 22:00:00,0.0
2023-11-29 22:00:00,0.0
2023-11-30 22:00:00,0.0
2023-12-01 22:00:00,0.0
2023-12-03 22:00:00,0.0
2023-12-04 22:00:00,0.0
2023-12-05 22:00:00,0.0
2023-12-06 22:00:00,0.1366345727633271
2023-12-07 22:00:00,0.3338367307895802
2023-12-08 22:00:00,0.2486837251733193
2023-12-10 22:00:00,0.1489625638114292
2023-12-11 22:00:00,0.0
2023-12-12 22:00:00,0.0
2023-12-13 22:00:00,0.2059309097816384
2023-12-14 22:00:00,0.0
2023-12-15 22:00:00,0.0
2023-12-17 22:00:00,0.0
2023-12-18 22:00:00,-0.0436846086475323
2023-12-19 22:00:00,0.0
2023-12-20 22:00:00,0.0
2023-12-21 22:00:00,0.0
2023-12-22 22:00:00,0.0
2023-12-25 22:00:00,0.0596557263510945
2023-12-26 22:00:00,0.1259926624946709
2023-12-27 22:00:00,0.0
2023-12-28 22:00:00,0.0
2023-12-29 22:00:00,0.2195600044074758
2024-01-01 22:00:00,0.2581707221600611
2024-01-02 22:00:00,0.0
2024-01-03 22:00:00,0.0856868315339543
2024-01-04 22:00:00,0.0
2024-01-05 22:00:00,0.0
2024-01-07 22:00:00,0.0
2024-01-08 22:00:00,-0.137436154642739
2024-01-09 22:00:00,0.1304229033921609
2024-01-10 22:00:00,0.0
2024-01-11 22:00:00,0.1720482743654026
2024-01-12 22:00:00,0.0
2024-01-14 22:00:00,0.0
2024-01-15 22:00:00,0.0
2024-01-16 22:00:00,0.0
2024-01-17 22:00:00,0.2572998550333579
2024-01-18 22:00:00,0.0
2024-01-19 22:00:00,0.0
2024-01-21 22:00:00,0.0
2024-01-22 22:00:00,0.0
2024-01-23 22:00:00,-0.1734067509802526
2024-01-24 22:00:00,0.0
2024-01-25 22:00:00,0.0
2024-01-26 22:00:00,-0.1493479061060107
2024-01-28 22:00:00,0.0
2024-01-29 22:00:00,-0.2517949017690852
2024-01-30 22:00:00,0.0
2024-01-31 22:00:00,0.0
2024-02-01 22:00:00,0.0
2024-02-02 22:00:00,0.0
2024-02-04 22:00:00,0.1121796634669529
2024-02-05 22:00:00,0.2062157450885284
2024-02-06 22:00:00,0.2369389981481141
2024-02-07 22:00:00,0.0
2024-02-08 22:00:00,0.0
2024-02-09 22:00:00,-0.1946998473431934
2024-02-11 22:00:00,-0.0692463054850394
2024-02-12 22:00:00,-0.181103305479488
2024-02-13 22:00:00,0.0
2024-02-14 22:00:00,0.0
2024-02-15 22:00:00,0.0
2024-02-16 22:00:00,0.0
2024-02-18 22:00:00,0.0
2024-02-19 22:00:00,0.0
2024-02-20 22:00:00,-0.1727426077732119
2024-02-21 22:00:00,0.0
2024-02-22 22:00:00,0.0
2024-02-23 22:00:00,-0.2104345862965843
2024-02-25 22:00:00,-0.0772361699952084
2024-02-26 22:00:00,0.0
2024-02-27 22:00:00,0.0
2024-02-28 22:00:00,-0.090762426097898
2024-02-29 22:00:00,-0.1821173536485383
2024-03-01 22:00:00,0.0
2024-03-03 22:00:00,0.0
2024-03-04 22:00:00,-0.2503809433867378
2024-03-05 22:00:00,0.0
2024-03-06 22:00:00,0.0
2024-03-07 22:00:00,0.0
2024-03-08 22:00:00,-0.1697618023329747
2024-03-10 22:00:00,-0.0839355129973139
2024-03-11 22:00:00,0.0
2024-03-12 22:00:00,-0.0975000993399174
2024-03-13 22:00:00,0.1690746003530765
2024-03-14 22:00:00,0.0
2024-03-17 22:00:00,-0.1128421599427659
2024-03-18 22:00:00,0.0
2024-03-19 22:00:00,-0.2203385307532603
2024-03-20 22:00:00,-0.1800048970401837
2024-03-21 22:00:00,0.0
2024-03-24 22:00:00,0.0
2024-03-25 22:00:00,0.0
2024-03-26 22:00:00,-0.1888773286467197
2024-03-27 22:00:00,0.0
2024-03-31 22:00:00,0.0
2024-04-01 22:00:00,-0.1653470800474162
2024-04-02 22:00:00,0.0
2024-04-03 22:00:00,-0.2240722135973498
2024-04-04 22:00:00,0.0
2024-04-07 22:00:00,-0.1132241227087761
2024-04-08 22:00:00,0.0
2024-04-09 22:00:00,0.0
2024-04-10 22:00:00,0.0
2024-04-11 22:00:00,0.0
2024-04-14 22:00:00,0.0
2024-04-15 22:00:00,0.0
2024-04-16 22:00:00,-0.2098195579026102
2024-04-17 22:00:00,-0.2006187655738849
2024-04-18 22:00:00,0.0
2024-04-21 22:00:00,0.0
2024-04-22 22:00:00,0.0
2024-04-23 22:00:00,-0.0918615962226516
2024-04-24 22:00:00,-0.1889465031702736
2024-04-25 22:00:00,0.0
2024-04-28 22:00:00,-0.1302902528828607
2024-04-29 22:00:00,-0.2670611228371698
2024-04-30 22:00:00,-0.1955669667809895
2024-05-01 22:00:00,0.0
2024-05-02 22:00:00,0.0
2024-05-05 22:00:00,0.0
2024-05-06 22:00:00,0.0
2024-05-07 22:00:00,-0.1320504459600333
2024-05-08 22:00:00,0.0
2024-05-09 22:00:00,0.0
2024-05-12 22:00:00,-0.0985922520728595
2024-05-13 22:00:00,0.0
2024-05-14 22:00:00,0.0
2024-05-15 22:00:00,0.0
2024-05-16 22:00:00,0.0
2024-05-19 22:00:00,0.0
2024-05-20 22:00:00,-0.2370705797646688
2024-05-21 22:00:00,-0.1947996978567492
2024-05-22 22:00:00,0.0
2024-05-23 22:00:00,0.0
2024-05-26 22:00:00,0.0870784378925458
2024-05-27 22:00:00,0.0
2024-05-28 22:00:00,0.0
2024-05-29 22:00:00,-0.1660394133227801
2024-05-30 22:00:00,-0.180794179681695
2024-06-02 22:00:00,0.0
2024-06-03 22:00:00,0.0
2024-06-04 22:00:00,0.2005148329806175
2024-06-05 22:00:00,0.2991883878381269
2024-06-06 22:00:00,0.0
2024-06-09 22:00:00,0.0
2024-06-10 22:00:00,0.0
2024-06-11 22:00:00,-0.1950729372069052
2024-06-12 22:00:00,0.0
2024-06-13 22:00:00,0.0
2024-06-16 22:00:00,0.0
2024-06-17 22:00:00,0.1102447159732887
2024-06-18 22:00:00,0.0
2024-06-19 22:00:00,-0.1700971682405918
2024-06-20 22:00:00,-0.1281021566429055
2024-06-23 22:00:00,-0.0989927212531003
2024-06-24 22:00:00,0.0
2024-06-25 22:00:00,-0.2006967119032784
2024-06-26 22:00:00,0.0
2024-06-27 22:00:00,0.0
2024-06-30 22:00:00,-0.0763748138108787
2024-07-01 22:00:00,0.0
2024-07-02 22:00:00,-0.2512973143716591
2024-07-03 22:00:00,0.0
2024-07-04 22:00:00,-0.1386943245172466
2024-07-07 22:00:00,-0.1091110104173424
2024-07-08 22:00:00,0.0
2024-07-09 22:00:00,0.0
2024-07-10 22:00:00,0.1143010778925505
2024-07-11 22:00:00,0.0
2024-07-14 22:00:00,-0.0964282290885064
2024-07-15 22:00:00,0.0
2024-07-16 22:00:00,0.0
2024-07-17 22:00:00,0.1871595747708626
2024-07-18 22:00:00,0.0
2024-07-21 22:00:00,-0.0727664306259567
2024-07-22 22:00:00,0.0
2024-07-23 22:00:00,0.0
2024-07-24 22:00:00,0.2457120715993172
2024-07-25 22:00:00,0.0
2024-07-28 22:00:00,-0.0450491520210813
2024-07-29 22:00:00,0.0
2024-07-30 22:00:00,0.0
2024-07-31 22:00:00,0.2060684824886171
2024-08-01 22:00:00,-0.1698390152272277
2024-08-04 22:00:00,0.0
2024-08-05 22:00:00,0.0
2024-08-06 22:00:00,0.0
2024-08-07 22:00:00,0.2063812579445969
2024-08-08 22:00:00,0.0
2024-08-11 22:00:00,0.0
2024-08-12 22:00:00,0.0
2024-08-13 22:00:00,-0.2376911781652537
2024-08-14 22:00:00,0.0
2024-08-15 22:00:00,0.0
2024-08-18 22:00:00,0.0
2024-08-19 22:00:00,0.0
2024-08-20 22:00:00,0.1407358294791079
2024-08-21 22:00:00,0.1492259207379434
2024-08-22 22:00:00,0.2797951607356014
2024-08-25 22:00:00,0.1150149629278122
2024-08-26 22:00:00,0.0
2024-08-27 22:00:00,0.0
2024-08-28 22:00:00,0.0
2024-08-29 22:00:00,0.0
2024-09-01 22:00:00,0.0
2024-09-02 22:00:00,0.197372793765508
2024-09-03 22:00:00,-0.0867402254681836
2024-09-04 22:00:00,0.0906608658239998
2024-09-05 22:00:00,0.0
2024-09-08 22:00:00,0.0
2024-09-09 22:00:00,0.0
2024-09-10 22:00:00,0.0
2024-09-11 22:00:00,0.3497493283197677
2024-09-12 22:00:00,0.0
2024-09-15 22:00:00,0.0
2024-09-16 22:00:00,0.0
2024-09-17 22:00:00,0.0
2024-09-18 22:00:00,0.0687793803092344
2024-09-19 22:00:00,0.2275199029190884
2024-09-22 22:00:00,0.0
2024-09-23 22:00:00,0.0
2024-09-24 22:00:00,0.2133491332912684
2024-09-25 22:00:00,0.0
2024-09-26 22:00:00,0.0
2024-09-29 22:00:00,0.1484719339288285
2024-09-30 22:00:00,0.0
2024-10-01 22:00:00,0.0
2024-10-02 22:00:00,0.0
2024-10-03 22:00:00,0.0
2024-10-06 22:00:00,0.0
2024-10-07 22:00:00,0.0
2024-10-08 22:00:00,-0.1037321290301615
2024-10-09 22:00:00,0.0
2024-10-10 22:00:00,0.0
2024-10-13 22:00:00,0.0
2024-10-14 22:00:00,0.0
2024-10-15 22:00:00,0.0
2024-10-16 22:00:00,0.3030420706414419
2024-10-17 22:00:00,0.2736122180169946
2024-10-20 22:00:00,0.0
2024-10-21 22:00:00,0.0
2024-10-22 22:00:00,0.1070155583358206
2024-10-23 22:00:00,0.0
2024-10-24 22:00:00,-0.1017217915660994
2024-10-27 22:00:00,0.0
2024-10-28 22:00:00,0.0
2024-10-29 22:00:00,0.2489534031655038
2024-10-30 22:00:00,0.350597496869664
2024-10-31 22:00:00,0.0
2024-11-03 22:00:00,0.0
2024-11-04 22:00:00,0.0
2024-11-05 22:00:00,0.0
2024-11-06 22:00:00,0.0
2024-11-07 22:00:00,0.0968907336466718
2024-11-08 22:00:00,0.0
2024-11-10 22:00:00,0.0
2024-11-11 22:00:00,0.0
2024-11-12 22:00:00,0.317928120636896
2024-11-13 22:00:00,0.2493369352529711
2024-11-14 22:00:00,0.0
2024-11-15 22:00:00,0.0
2024-11-17 22:00:00,0.0
2024-11-18 22:00:00,0.2220344501673988
2024-11-19 22:00:00,0.0
2024-11-20 22:00:00,0.0
2024-11-21 22:00:00,0.219543239934673
2024-11-22 22:00:00,0.0
2024-11-24 22:00:00,0.1176534552015508
2024-11-25 22:00:00,0.0
2024-11-26 22:00:00,0.1208280704717496
2024-11-27 22:00:00,0.3573497888351176
2024-11-28 22:00:00,0.3216603600816914
2024-12-01 22:00:00,0.0
2024-12-02 22:00:00,0.0
2024-12-03 22:00:00,0.3017195860834681
2024-12-04 22:00:00,0.0
2024-12-05 22:00:00,0.0
2024-12-06 22:00:00,0.0
2024-12-08 22:00:00,0.0606352726741027
2024-12-09 22:00:00,0.3302121692718729
2024-12-10 22:00:00,0.0
2024-12-11 22:00:00,0.3464037912985067
2024-12-12 22:00:00,0.0
2024-12-13 22:00:00,0.0
2024-12-15 22:00:00,0.0
2024-12-16 22:00:00,0.0
2024-12-17 22:00:00,0.1272919648619799
2024-12-18 22:00:00,0.2688054062715712
2024-12-19 22:00:00,0.2034875735389977
2024-12-20 22:00:00,0.2455676168583764
2024-12-22 22:00:00,0.1454190679400532
2024-12-23 22:00:00,0.0
2024-12-25 22:00:00,0.4199599649143313
2024-12-26 22:00:00,0.0
2024-12-27 22:00:00,0.0
2024-12-29 22:00:00,0.0
2024-12-30 22:00:00,0.0
2024-12-31 22:00:00,0.0
2025-01-01 22:00:00,0.222731505426056
2025-01-02 22:00:00,0.0
2025-01-03 22:00:00,0.0
2025-01-05 22:00:00,0.0
2025-01-06 22:00:00,-0.079496622689524
2025-01-07 22:00:00,0.1700561095825421
2025-01-08 22:00:00,0.0
2025-01-09 22:00:00,0.2532610651293031
2025-01-10 22:00:00,0.0
2025-01-12 22:00:00,0.0
2025-01-13 22:00:00,0.0
2025-01-14 22:00:00,-0.1565621640885136
2025-01-15 22:00:00,0.0
2025-01-16 22:00:00,-0.2192263556812475
2025-01-17 22:00:00,0.0
2025-01-19 22:00:00,0.0
2025-01-20 22:00:00,0.0
2025-01-21 22:00:00,0.1314256604176565
2025-01-22 22:00:00,0.2408116504662169
2025-01-23 22:00:00,0.0
2025-01-24 22:00:00,0.186646450307512
2025-01-26 22:00:00,0.0965495881555589
2025-01-27 22:00:00,-0.1259015829571197
2025-01-28 22:00:00,0.2297225556030216
2025-01-29 22:00:00,0.0
2025-01-30 22:00:00,0.1644208032240939
2025-01-31 22:00:00,0.0
2025-02-02 22:00:00,0.0481658866659607
2025-02-03 22:00:00,-0.1089794321111064
2025-02-04 22:00:00,0.0
2025-02-05 22:00:00,0.0
2025-02-06 22:00:00,0.0
2025-02-07 22:00:00,0.3004596441805726
2025-02-09 22:00:00,0.1644051031518827
2025-02-10 22:00:00,0.2962904727113331
2025-02-11 22:00:00,0.0
2025-02-12 22:00:00,0.0
2025-02-13 22:00:00,0.0
2025-02-14 22:00:00,0.0
2025-02-16 22:00:00,0.0
2025-02-17 22:00:00,0.3061507087827647
2025-02-18 22:00:00,0.0
2025-02-19 22:00:00,0.0
2025-02-20 22:00:00,0.0
2025-02-21 22:00:00,0.0
2025-02-23 22:00:00,0.0
2025-02-24 22:00:00,0.3081849089219002
2025-02-25 22:00:00,0.0
2025-02-26 22:00:00,0.4078255519780512
2025-02-27 22:00:00,0.0
2025-02-28 22:00:00,0.0
2025-03-02 22:00:00,0.0
2025-03-03 22:00:00,0.0
2025-03-04 22:00:00,0.0
2025-03-05 22:00:00,0.0
2025-03-06 22:00:00,0.1994857115370709
2025-03-07 22:00:00,0.2708759459349759
2025-03-09 22:00:00,0.1555982616345346
2025-03-10 22:00:00,0.0
2025-03-11 22:00:00,0.2454089299860006
2025-03-12 22:00:00,0.3195404966025544
2025-03-13 22:00:00,0.0
2025-03-16 22:00:00,0.1573668601573758
2025-03-17 22:00:00,0.0
2025-03-18 22:00:00,0.0
2025-03-19 22:00:00,0.3807937738167761
2025-03-20 22:00:00,0.2374875503868533
2025-03-23 22:00:00,0.0
2025-03-24 22:00:00,0.0
2025-03-25 22:00:00,0.0
2025-03-26 22:00:00,0.2207085041954325
2025-03-27 22:00:00,0.0
2025-03-30 22:00:00,0.0
2025-03-31 22:00:00,0.1604023137115597
2025-04-01 22:00:00,0.0
2025-04-02 22:00:00,0.0
2025-04-03 22:00:00,0.0
2025-04-06 22:00:00,0.0
2025-04-07 22:00:00,0.0834043518764752
2025-04-08 22:00:00,0.0
2025-04-09 22:00:00,0.0
2025-04-10 22:00:00,0.0
2025-04-13 22:00:00,0.1254729471041561
2025-04-14 22:00:00,0.0
2025-04-15 22:00:00,0.1464961280977023
2025-04-16 22:00:00,0.322875254624368
2025-04-20 22:00:00,0.1268473767811795
2025-04-21 22:00:00,0.0
2025-04-22 22:00:00,0.2375149474801167
2025-04-23 22:00:00,0.0
2025-04-24 22:00:00,0.3458582601608099
2025-04-27 22:00:00,0.1658324930733733
2025-04-28 22:00:00,0.0
2025-04-29 22:00:00,0.0
2025-04-30 22:00:00,0.066198640492897
2025-05-01 22:00:00,0.1273306401473448
2025-05-04 22:00:00,0.0
2025-05-05 22:00:00,0.0
2025-05-06 22:00:00,0.0
2025-05-07 22:00:00,0.0
2025-05-08 22:00:00,0.3346124043261049
2025-05-11 22:00:00,0.0
2025-05-12 22:00:00,0.0
2025-05-13 22:00:00,0.2022099771627435
2025-05-14 22:00:00,0.0
2025-05-15 22:00:00,0.0
2025-05-18 22:00:00,0.1909086692603533
2025-05-19 22:00:00,0.0
2025-05-20 22:00:00,0.0
2025-05-21 22:00:00,0.0
2025-05-22 22:00:00,0.0
2025-05-25 22:00:00,0.1870236904555882
2025-05-26 22:00:00,0.0
2025-05-27 22:00:00,0.0
2025-05-28 22:00:00,0.3787286056125258
2025-05-29 22:00:00,0.0
2025-06-01 22:00:00,0.1339029552799766
2025-06-02 22:00:00,0.2668430079460751
2025-06-03 22:00:00,0.0
2025-06-04 22:00:00,0.0
2025-06-05 22:00:00,0.182703584226129
2025-06-08 22:00:00,0.2077163400097657
2025-06-09 22:00:00,0.0
2025-06-10 22:00:00,0.0
2025-06-11 22:00:00,0.3466405763502028
2025-06-12 22:00:00,0.0
2025-06-15 22:00:00,0.0274421016876903
2025-06-16 22:00:00,0.0
2025-06-17 22:00:00,0.0
2025-06-18 22:00:00,0.0
2025-06-19 22:00:00,0.0
2025-06-22 22:00:00,0.0
2025-06-23 22:00:00,0.0
2025-06-24 22:00:00,0.0880036664611022
2025-06-25 22:00:00,0.4218578118617049
2025-06-26 22:00:00,0.0
2025-06-29 22:00:00,0.0
2025-06-30 22:00:00,0.0
2025-07-01 22:00:00,0.0
2025-07-02 22:00:00,0.2797031269155156
2025-07-03 22:00:00,0.0
2025-07-06 22:00:00,0.0
2025-07-07 22:00:00,0.2038837629368672
2025-07-08 22:00:00,0.0
2025-07-09 22:00:00,0.218379586833906
2025-07-10 22:00:00,0.0
2025-07-13 22:00:00,0.1614521272250165
2025-07-14 22:00:00,0.0
2025-07-15 22:00:00,0.3319358033123036
2025-07-16 22:00:00,0.0
2025-07-17 22:00:00,0.3220027722899171
2025-07-20 22:00:00,0.0
2025-07-21 22:00:00,0.0
2025-07-22 22:00:00,0.1881461551627541
2025-07-23 22:00:00,0.3852267925489944
2025-07-24 22:00:00,0.0
2025-07-27 22:00:00,0.0
2025-07-28 22:00:00,0.3068707107257022
2025-07-29 22:00:00,0.0
2025-07-30 22:00:00,0.0
2025-07-31 22:00:00,0.0
2025-08-03 22:00:00,0.0
2025-08-04 22:00:00,0.0539045448988921
2025-08-05 22:00:00,0.3134577423494567
2025-08-06 22:00:00,0.0
2025-08-07 22:00:00,0.0
2025-08-10 22:00:00,0.1254956913125267
2025-08-11 22:00:00,0.3488454512295725
2025-08-12 22:00:00,0.0
2025-08-13 22:00:00,0.0
2025-08-14 22:00:00,0.4059539050418991
2025-08-17 22:00:00,0.0
2025-08-18 22:00:00,0.0
2025-08-19 22:00:00,0.0
2025-08-20 22:00:00,0.4071462246787833
2025-08-21 22:00:00,0.0
2025-08-24 22:00:00,0.0
2025-08-25 22:00:00,0.0
2025-08-26 22:00:00,0.0
2025-08-27 22:00:00,0.4454961487201794
2025-08-28 22:00:00,0.2561727030310852
2025-08-31 22:00:00,0.0
2025-09-01 22:00:00,0.0
2025-09-02 22:00:00,0.0
2025-09-03 22:00:00,0.0
2025-09-04 22:00:00,0.1545489774355911
2025-09-07 22:00:00,0.0520109730287449
2025-09-08 22:00:00,0.2186864380519089
2025-09-09 22:00:00,0.0
2025-09-10 22:00:00,0.3826651783273302
2025-09-11 22:00:00,0.0
2025-09-14 22:00:00,0.0900012665125106
2025-09-15 22:00:00,0.2756898069579723
2025-09-16 22:00:00,0.3620129892530958
2025-09-17 22:00:00,0.0
2025-09-18 22:00:00,0.0
2025-09-21 22:00:00,0.1025511155597609
2025-09-22 22:00:00,0.3691553424369809
2025-09-23 22:00:00,0.3714396549218834
2025-09-24 22:00:00,0.4038916539208991
2025-09-25 22:00:00,0.0
2025-09-28 22:00:00,0.0
2025-09-29 22:00:00,0.0
2025-09-30 22:00:00,0.1390470298224392
